family,hash
Gozi,3a1211935c4bd148eb6fb23c40d4806ee5a488b09bd61b3c0d15a47dbbfe64fd
Gozi,5c302f8166172614a05a26177ae1f39ea7195fb0469a81fdce5963b476258e1b
Gozi,bb1a734659301a2afb4af66370ccde6b682ef674d7f1ead3ae521d1052a605f4
Gozi,61a0c2853a0e807411617ced9045c5fe2d3cc5d09d31fa7564eaa1145c9a6c18
Gozi,16c676aab1d91c2252b09d1618aa9948132cd28f4aebbe7451718565cb1a7d2f
Gozi,a248997a8b79c2b5f7a411e4c0884439eabffc62c8f3bcdbf7ba5ecb2871e7c7
Gozi,7581bddb9275a5cf702ff7376a3ec41e2c51c745a08be4bd874f5e831859cb38
Gozi,2648a72cff7e600c4da41d8bcea9342140021ba33b9a8a711a73292b649e7d07
Gozi,42dc33a8eb9712a01f1b11bb6a21f943cc4045346680641c9821c052c8a3473e
Gozi,f680ea5b0d75c7e2208c0251079f7f48e29476574c324e78f40112a2db01934d
Gozi,31ce65f830e52f5b6d7e6c266d7841e11662e71d6715d5211776ebb91beb3ec4
Gozi,26dc3b58f57bf1d28e20374fcc13c33f3bc75bd753cf19afb617101f403f7b81
Gozi,1f4bca4ce6d93b64a82d2e3ba1d2b876f2ad455f311768922e32377f3923db8f
TrickBot,a08fc81cd189984d84d771194a11ecbfc57c5c74df1c36c0c46157a30bcf23cf
TrickBot,1e90b6fc99a908420de123418deded8d8eadf2114ac43ee1ec366681b5358c17
TrickBot,e7456c57dba442a7e63f2bd45ff5be6c8168f2fcfd15c5e405536fb3bb212dcb
TrickBot,8b739e545fc95b979031b1d173680e40804cdfae954553daad04f865571072a5
TrickBot,37ff98395d4db062f03fdd648bbcc47f7aa0db3afa3bbc5ed44f308cf50499d0
TrickBot,7553c451f8bc7159aaf5afcc364090428f512068a0b68701ffc31e8e11c31502
TrickBot,6e6536cc12b95070cb1a9674a4aa2c86b961bb3f4be8cae578adaa91a76898e4
TrickBot,2e2f674241de56d4404a8fdbcb470fd9738d48c855fb0785deaae99ea3af383f
TrickBot,4c988891326eea9e5fe8aeaa93ffb3f7001bd3cda048a72ab24c8b54dd1834e4
TrickBot,7bdd1409b080eb8510163cea3761d694be0eaec7e22bc44736cbfbc3025a310b
TrickBot,2cb4c54bc346421e0a4854698830405ac0dcd5046ae6c462f488f4e5319a90d2
TrickBot,f25a780095730701efac67e9d5b84bc289afea56d96d8aff8a44af69ae606404